ID,FirstName,LastName,Email,LocationID
1,Lorry,Hollyland,lhollyland0@squarespace.com,279
2,Brose,Kirimaa,bkirimaa1@themeforest.net,270
3,Silvio,Knowles,sknowles2@nydailynews.com,456
4,Krystle,Phayre,kphayre3@prlog.org,251
5,Carlie,Porch,cporch4@illinois.edu,465
6,Kalie,Mansell,kmansell5@dion.ne.jp,256
7,Larissa,Overpool,loverpool6@vistaprint.com,49
8,Pattin,Beardon,pbeardon7@bluehost.com,439
9,Abigale,Blackaller,ablackaller8@issuu.com,232
10,Sadie,Forrestall,sforrestall9@webeden.co.uk,418
11,Jereme,Deniscke,jdenisckea@mozilla.org,125
12,Moria,Maleham,mmalehamb@scribd.com,500
13,Farrell,Beggi,fbeggic@oaic.gov.au,485
14,Karin,Fotherby,kfotherbyd@ed.gov,356
15,Vivienne,Henrichs,vhenrichse@mtv.com,458
16,Lind,Grimsell,lgrimsellf@ed.gov,15
17,Crista,Petters,cpettersg@dedecms.com,316
18,Dwayne,Rubinow,drubinowh@huffingtonpost.com,467
19,Walther,Sandbach,wsandbachi@ezinearticles.com,490
20,Griffith,Cavanaugh,gcavanaughj@barnesandnoble.com,57
21,Bonita,Hickeringill,bhickeringillk@last.fm,68
22,Nikaniki,Simone,nsimonel@addthis.com,43
23,Stafford,Hirsthouse,shirsthousem@samsung.com,162
24,Teddy,Durram,tdurramn@europa.eu,520
25,Turner,Larrett,tlarretto@sciencedaily.com,19
26,Erinna,Doble,edoblep@oaic.gov.au,84
27,Maren,Daelman,mdaelmanq@youtube.com,519
28,Licha,Bowart,lbowartr@prnewswire.com,408
29,Gilbertina,Udell,gudells@linkedin.com,146
30,Bernard,Hebble,bhebblet@wikipedia.org,335
31,Danna,Krzyzanowski,dkrzyzanowskiu@weather.com,405
32,Katleen,Gornall,kgornallv@pcworld.com,545
33,Tim,Martinat,tmartinatw@europa.eu,46
34,Maxim,Melmore,mmelmorex@stanford.edu,486
35,Allene,Penbarthy,apenbarthyy@a8.net,544
36,Hannie,Shutle,hshutlez@examiner.com,271
37,Cliff,Londer,clonder10@bbb.org,279
38,Dosi,Strafford,dstrafford11@dyndns.org,102
39,Suzanne,Drayton,sdrayton12@github.io,435
40,Bridget,Swayton,bswayton13@ox.ac.uk,481
41,Mortimer,Ollington,mollington14@ask.com,369
42,Alene,Blockwell,ablockwell15@uol.com.br,191
43,Annecorinne,Smeeth,asmeeth16@dailymotion.com,148
44,Sena,Edinboro,sedinboro17@instagram.com,189
45,Shandy,Nanuccioi,snanuccioi18@tiny.cc,98
46,Vanni,Petrushkevich,vpetrushkevich19@woothemes.com,59
47,Berti,Arkle,barkle1a@prnewswire.com,207
48,Burl,Jacquot,bjacquot1b@newsvine.com,493
49,Henrietta,Schultze,hschultze1c@senate.gov,443
50,Peyton,McCool,pmccool1d@wunderground.com,395
51,Spike,Grzelewski,sgrzelewski1e@sina.com.cn,154
52,Diego,Gaveltone,dgaveltone1f@statcounter.com,488
53,Arielle,Fison,afison1g@themeforest.net,79
54,Maisie,Van Daalen,mvandaalen1h@youku.com,407
55,Letizia,Slade,lslade1i@diigo.com,462
56,Meghan,Eynald,meynald1j@google.de,383
57,Andee,Jopson,ajopson1k@nasa.gov,393
58,Haley,Spreckley,hspreckley1l@yelp.com,189
59,Zandra,Folshom,zfolshom1m@gov.uk,114
60,Quintilla,Wildgoose,qwildgoose1n@youku.com,378
61,Billye,Van der Velde,bvandervelde1o@amazon.de,275
62,Read,Willisch,rwillisch1p@rambler.ru,163
63,Eustace,Giacopini,egiacopini1q@mayoclinic.com,110
64,Hayyim,Mc Caughen,hmccaughen1r@artisteer.com,303
65,Dalt,Tarn,dtarn1s@ezinearticles.com,514
66,Pablo,Dabling,pdabling1t@wufoo.com,356
67,Gussy,Helder,ghelder1u@cpanel.net,427
68,Rodd,Proschek,rproschek1v@whitehouse.gov,69
69,Clemmy,Pereira,cpereira1w@earthlink.net,96
70,Deane,Sutter,dsutter1x@nifty.com,478
71,Nev,Breckwell,nbreckwell1y@tuttocitta.it,383
72,Hedwiga,Borleace,hborleace1z@dell.com,171
73,Brear,Egginson,begginson20@google.de,463
74,Dale,Redmell,dredmell21@bloglines.com,378
75,Isiahi,Dorbin,idorbin22@china.com.cn,237
76,Jillie,Hellier,jhellier23@soundcloud.com,541
77,Deck,Stilwell,dstilwell24@answers.com,221
78,Hirsch,Schutte,hschutte25@vinaora.com,476
79,Shae,Bernhardt,sbernhardt26@sun.com,49
80,Hollyanne,Gayter,hgayter27@live.com,80
81,Becca,Brookhouse,bbrookhouse28@ftc.gov,264
82,Angel,Grastye,agrastye29@github.io,103
83,Blancha,Duchatel,bduchatel2a@opensource.org,428
84,Bertrando,Seeking,bseeking2b@bloomberg.com,425
85,Lauryn,Scotsbrook,lscotsbrook2c@kickstarter.com,502
86,Reinald,Hritzko,rhritzko2d@alexa.com,229
87,Freeman,Whitcomb,fwhitcomb2e@netscape.com,138
88,Rubin,Oneil,roneil2f@jalbum.net,16
89,Robinson,Little,rlittle2g@shareasale.com,413
90,Harlen,Bodega,hbodega2h@artisteer.com,422
91,Truman,Cunney,tcunney2i@wired.com,249
92,Georgi,Deekes,gdeekes2j@samsung.com,317
93,Stanley,Rennox,srennox2k@1688.com,329
94,Angie,Bett,abett2l@blogspot.com,217
95,Krista,Espinal,kespinal2m@gizmodo.com,258
96,Alonso,Alves,aalves2n@lycos.com,515
97,Thurstan,Carrabott,tcarrabott2o@about.com,399
98,Conrad,Izkovicz,cizkovicz2p@indiegogo.com,537
99,Arlen,Hannan,ahannan2q@illinois.edu,27
100,Deva,Beining,dbeining2r@list-manage.com,424
101,Biddy,Sadry,bsadry2s@comsenz.com,520
102,Felicdad,Penticost,fpenticost2t@ifeng.com,277
103,Loydie,Bayley,lbayley2u@myspace.com,184
104,Tate,Brumbie,tbrumbie2v@wix.com,535
105,Kasey,Burl,kburl2w@springer.com,226
106,Cristie,Shirtliff,cshirtliff2x@behance.net,381
107,Grethel,Eastes,geastes2y@boston.com,370
108,Josias,Sussex,jsussex2z@123-reg.co.uk,22
109,Alvina,Dudson,adudson30@chron.com,170
110,Lonnie,Ceresa,lceresa31@dailymail.co.uk,543
111,Fairlie,Scriver,fscriver32@aboutads.info,509
112,Terri,Folomkin,tfolomkin33@abc.net.au,38
113,Pooh,Trunkfield,ptrunkfield34@icio.us,414
114,Gus,Bifield,gbifield35@twitpic.com,510
115,Esteban,Ricard,ericard36@eepurl.com,417
116,Baxie,Yeaman,byeaman37@washington.edu,412
117,Sheelagh,McGeagh,smcgeagh38@com.com,539
118,Arly,Warmington,awarmington39@reference.com,91
119,Norby,Yesson,nyesson3a@facebook.com,187
120,Tatiania,Paylie,tpaylie3b@craigslist.org,93
121,Fae,Phillput,fphillput3c@webeden.co.uk,205
122,Milty,Fitzhenry,mfitzhenry3d@ox.ac.uk,270
123,Nil,Drakeford,ndrakeford3e@desdev.cn,506
124,Marijn,Lavies,mlavies3f@apple.com,386
125,Kerry,Duxbury,kduxbury3g@google.fr,62
126,Emile,Greatbanks,egreatbanks3h@indiatimes.com,423
127,Nikki,Fenemore,nfenemore3i@tmall.com,8
128,Christan,Skehan,cskehan3j@devhub.com,116
129,Siffre,Terbrugge,sterbrugge3k@answers.com,364
130,Morgan,Menichino,mmenichino3l@comcast.net,249
131,Cariotta,Bigrigg,cbigrigg3m@unicef.org,404
132,Lethia,Hellewell,lhellewell3n@sohu.com,48
133,Hyacinthie,Bardell,hbardell3o@msn.com,220
134,Glyn,Shearmer,gshearmer3p@census.gov,370
135,Brenn,Groves,bgroves3q@e-recht24.de,68
136,Shell,Markwell,smarkwell3r@webmd.com,144
137,Giavani,McCarney,gmccarney3s@hao123.com,100
138,Udell,Roddell,uroddell3t@unesco.org,47
139,Rachel,Ferras,rferras3u@nasa.gov,529
140,Raviv,Ullett,rullett3v@ihg.com,497
141,Camile,Schroter,cschroter3w@blogspot.com,48
142,Ryun,Boniface,rboniface3x@about.com,65
143,Norean,Crennell,ncrennell3y@1688.com,460
144,Euell,Splevings,esplevings3z@sohu.com,469
145,Sibylle,Page,spage40@fotki.com,36
146,Patrica,Ginnelly,pginnelly41@arstechnica.com,80
147,Ado,Wakelam,awakelam42@cnn.com,547
148,Boony,Huguet,bhuguet43@slideshare.net,198
149,Nichol,Garroch,ngarroch44@cornell.edu,535
150,Erminie,Maldin,emaldin45@naver.com,36
151,Sara,Rakestraw,srakestraw46@symantec.com,151
152,Maje,Riha,mriha47@admin.ch,124
153,Arne,Dubique,adubique48@pcworld.com,83
154,Mackenzie,Papachristophorou,mpapachristophorou49@opera.com,130
155,Jacquelin,Phillipson,jphillipson4a@samsung.com,61
156,Tuck,Peacop,tpeacop4b@bigcartel.com,401
157,Dorita,Flancinbaum,dflancinbaum4c@google.com.br,367
158,Nike,Skrines,nskrines4d@epa.gov,403
159,Willow,Mashro,wmashro4e@oracle.com,419
160,Darryl,Rumbellow,drumbellow4f@wikia.com,89
161,Isa,Gawler,igawler4g@fda.gov,507
162,Caty,Geindre,cgeindre4h@github.com,546
163,Yuri,Grigoletti,ygrigoletti4i@ifeng.com,22
164,Skippy,Frankum,sfrankum4j@census.gov,181
165,Indira,Strother,istrother4k@illinois.edu,294
166,Stefano,Wedgwood,swedgwood4l@un.org,401
167,Avril,Sager,asager4m@drupal.org,353
168,Christabella,O'Cleary,cocleary4n@spotify.com,423
169,Roland,Armstrong,rarmstrong4o@zdnet.com,13
170,Gill,Gibbonson,ggibbonson4p@harvard.edu,218
171,Gerhardine,Cowpland,gcowpland4q@facebook.com,481
172,Geralda,Carbine,gcarbine4r@slate.com,38
173,Candide,Duffie,cduffie4s@tmall.com,468
174,Dru,MacKibbon,dmackibbon4t@mozilla.org,47
175,Levon,Lago,llago4u@hhs.gov,297
176,Ripley,Eat,reat4v@sitemeter.com,421
177,Lianne,Hedon,lhedon4w@statcounter.com,494
178,Myron,Ainsworth,mainsworth4x@usnews.com,50
179,Cristobal,Pharro,cpharro4y@walmart.com,384
180,Loise,Speight,lspeight4z@indiatimes.com,298
181,Abbie,Dorre,adorre50@ning.com,417
182,Faythe,Leipold,fleipold51@goo.gl,397
183,Ralina,Rundall,rrundall52@ask.com,197
184,Isador,Sighard,isighard53@foxnews.com,319
185,Milissent,Romaines,mromaines54@artisteer.com,442
186,Lyell,Brewerton,lbrewerton55@parallels.com,469
187,Phylys,Beniesh,pbeniesh56@aboutads.info,479
188,Bartlett,Stirland,bstirland57@ucla.edu,98
189,Celine,Crowhurst,ccrowhurst58@posterous.com,71
190,Quill,McPhilip,qmcphilip59@hexun.com,145
191,Danielle,Haymes,dhaymes5a@sakura.ne.jp,190
192,Babs,Burth,bburth5b@cbsnews.com,272
193,Giovanni,Inold,ginold5c@nydailynews.com,154
194,Leoline,Wigfall,lwigfall5d@accuweather.com,121
195,Ham,Holde,hholde5e@time.com,168
196,Liliane,Raubenheim,lraubenheim5f@typepad.com,528
197,Caitrin,Lupson,clupson5g@statcounter.com,217
198,Gilly,Upson,gupson5h@mozilla.com,30
199,Charlotte,MacConnell,cmacconnell5i@japanpost.jp,144
200,Quintin,Goldsby,qgoldsby5j@adobe.com,313
201,Kerrie,Telezhkin,ktelezhkin5k@seattletimes.com,433
202,Otha,Hallworth,ohallworth5l@nhs.uk,182
203,Trefor,Lyburn,tlyburn5m@bbb.org,106
204,Skippy,Lowerson,slowerson5n@usda.gov,17
205,Jackie,Beiderbeck,jbeiderbeck5o@hexun.com,212
206,Helaine,Cleyburn,hcleyburn5p@github.com,443
207,Doug,Zorzenoni,dzorzenoni5q@cmu.edu,24
208,Davine,Ambage,dambage5r@about.com,9
209,Cindee,Robrow,crobrow5s@foxnews.com,377
210,Gunter,Khoter,gkhoter5t@ted.com,457
211,Deloris,Leare,dleare5u@forbes.com,103
212,Teodora,Leebeter,tleebeter5v@twitpic.com,547
213,Arney,Teeney,ateeney5w@ucsd.edu,308
214,Rhys,Tilburn,rtilburn5x@yellowbook.com,310
215,Vasilis,Lochran,vlochran5y@slate.com,261
216,Aidan,Egger,aegger5z@tinypic.com,365
217,Derrick,Chooter,dchooter60@cnbc.com,520
218,Xaviera,Crocker,xcrocker61@free.fr,538
219,Tildy,Swetenham,tswetenham62@si.edu,22
220,Vance,Britten,vbritten63@webs.com,192
221,Seana,Lugg,slugg64@walmart.com,355
222,Rex,Adamou,radamou65@cyberchimps.com,432
223,Grier,Grabeham,ggrabeham66@homestead.com,169
224,Emile,Lomansey,elomansey67@tiny.cc,421
225,Nollie,Anscombe,nanscombe68@ask.com,464
226,Herbie,Eacott,heacott69@is.gd,344
227,Kristofer,Kynge,kkynge6a@utexas.edu,87
228,Jethro,Race,jrace6b@hibu.com,511
229,Ardelia,Parkyn,aparkyn6c@nps.gov,348
230,Allissa,Kyncl,akyncl6d@sciencedirect.com,452
231,Jordan,Agutter,jagutter6e@cam.ac.uk,368
232,Xerxes,Warcup,xwarcup6f@businessinsider.com,309
233,Grove,Carlos,gcarlos6g@economist.com,42
234,Kariotta,Sprankling,ksprankling6h@nps.gov,472
235,Dody,Castletine,dcastletine6i@purevolume.com,299
236,Melanie,Moakes,mmoakes6j@unesco.org,332
237,Leanna,Simms,lsimms6k@chronoengine.com,545
238,Amandy,Einchcombe,aeinchcombe6l@oracle.com,149
239,Minna,Ganiclef,mganiclef6m@shinystat.com,258
240,Guilbert,Klaaassen,gklaaassen6n@diigo.com,491
241,Ruddie,Schwandermann,rschwandermann6o@sohu.com,353
242,Deva,Phillis,dphillis6p@forbes.com,343
243,Tillie,Elward,telward6q@scribd.com,532
244,D'arcy,Speerman,dspeerman6r@smugmug.com,331
245,Palmer,Besson,pbesson6s@ow.ly,213
246,Stevana,Edel,sedel6t@miitbeian.gov.cn,115
247,Adore,Cornew,acornew6u@arstechnica.com,433
248,Margarette,Garaghan,mgaraghan6v@hostgator.com,6
249,Tressa,Worthy,tworthy6w@51.la,10
250,Reube,Rilings,rrilings6x@tuttocitta.it,124
251,Emelia,Ogan,eogan6y@qq.com,127
252,Vanya,Elen,velen6z@parallels.com,27
253,Camel,Llywarch,cllywarch70@wunderground.com,201
254,Estrella,Sketh,esketh71@desdev.cn,375
255,Arden,Wyllie,awyllie72@hexun.com,265
256,Jdavie,Jeary,jjeary73@meetup.com,149
257,Anthe,Charsley,acharsley74@yellowpages.com,425
258,Candra,Raubenheimer,craubenheimer75@pbs.org,9
259,Darren,Crinson,dcrinson76@sciencedirect.com,441
260,Renie,Dudny,rdudny77@qq.com,524
261,Willey,Ingarfill,wingarfill78@huffingtonpost.com,526
262,Kimbra,Pettie,kpettie79@godaddy.com,261
263,Hillery,Tillard,htillard7a@friendfeed.com,325
264,Herschel,Halksworth,hhalksworth7b@state.tx.us,390
265,Kevon,Marchington,kmarchington7c@princeton.edu,202
266,Benni,Habbershon,bhabbershon7d@smh.com.au,457
267,Jennifer,Backes,jbackes7e@wiley.com,408
268,Baxie,Rawstorn,brawstorn7f@ning.com,8
269,Myrta,Gipps,mgipps7g@digg.com,336
270,Peirce,Arthan,parthan7h@marketwatch.com,402
271,Monika,Conibear,mconibear7i@cbsnews.com,430
272,Niel,Suff,nsuff7j@ask.com,443
273,Bonnee,Saines,bsaines7k@rambler.ru,433
274,Mildred,O'Carran,mocarran7l@nifty.com,297
275,Roby,Sabbin,rsabbin7m@t.co,86
276,Parsifal,Dodgshon,pdodgshon7n@nytimes.com,12
277,Malina,Goldston,mgoldston7o@jimdo.com,323
278,Valentino,Deane,vdeane7p@bbc.co.uk,535
279,Verna,Fullilove,vfullilove7q@economist.com,256
280,Willie,Dabs,wdabs7r@1und1.de,211
281,Cammy,Digg,cdigg7s@simplemachines.org,87
282,Neile,Nutkins,nnutkins7t@privacy.gov.au,80
283,Zea,Frankton,zfrankton7u@zdnet.com,79
284,Odelle,Syncke,osyncke7v@addthis.com,90
285,Winonah,Trowler,wtrowler7w@yale.edu,148
286,Boyce,Gunningham,bgunningham7x@imageshack.us,360
287,Alix,Kondrachenko,akondrachenko7y@so-net.ne.jp,33
288,Fannie,Raine,fraine7z@home.pl,106
289,Dee,Batterbee,dbatterbee80@nhs.uk,123
290,Cinderella,Tarney,ctarney81@china.com.cn,410
291,Lucilia,Shera,lshera82@angelfire.com,286
292,Linette,Sowley,lsowley83@tmall.com,252
293,Linnell,Clulee,lclulee84@unicef.org,431
294,Ema,Cafferky,ecafferky85@seesaa.net,159
295,Kellia,Girault,kgirault86@who.int,360
296,Cory,Janowicz,cjanowicz87@comcast.net,213
297,Ulises,Enefer,uenefer88@ovh.net,457
298,Mort,Beckley,mbeckley89@businessinsider.com,463
299,Boonie,Maltster,bmaltster8a@networksolutions.com,404
300,Irv,Fuzzens,ifuzzens8b@netvibes.com,381
301,Ferrel,Emblen,femblen8c@timesonline.co.uk,348
302,Milissent,Fydoe,mfydoe8d@chron.com,219
303,Deedee,Mayoh,dmayoh8e@washington.edu,193
304,Orville,Darnbrough,odarnbrough8f@shutterfly.com,546
305,Tobe,Cockshutt,tcockshutt8g@bing.com,374
306,Neysa,Muffen,nmuffen8h@hc360.com,270
307,Normand,Draye,ndraye8i@google.cn,224
308,Sonia,Garvin,sgarvin8j@printfriendly.com,367
309,Brynn,Millyard,bmillyard8k@facebook.com,419
310,Avictor,Lowrie,alowrie8l@who.int,346
311,Llywellyn,Pescod,lpescod8m@bizjournals.com,368
312,Carmelina,Sjostrom,csjostrom8n@slideshare.net,107
313,Hanan,Melanaphy,hmelanaphy8o@a8.net,153
314,Pat,Annott,pannott8p@telegraph.co.uk,397
315,Hunter,Cordet,hcordet8q@google.it,157
316,Teodoor,Conwell,tconwell8r@moonfruit.com,133
317,Aubine,Fosdike,afosdike8s@who.int,470
318,Jade,Balshaw,jbalshaw8t@unesco.org,237
319,Juline,Vero,jvero8u@boston.com,46
320,Lexis,Warden,lwarden8v@themeforest.net,220
321,Brady,Dormon,bdormon8w@de.vu,463
322,Arel,Gunningham,agunningham8x@unblog.fr,197
323,Curcio,Crawshaw,ccrawshaw8y@prnewswire.com,187
324,Tera,Martyntsev,tmartyntsev8z@bloglines.com,537
325,Claudelle,Draper,cdraper90@google.co.uk,463
326,Hedwig,Morgans,hmorgans91@vk.com,12
327,Benni,Woodhall,bwoodhall92@reddit.com,119
328,Margaret,Breede,mbreede93@live.com,385
329,Rozella,Coveley,rcoveley94@noaa.gov,546
330,Gerri,Diter,gditer95@forbes.com,144
331,Jillie,Lonie,jlonie96@phpbb.com,117
332,Missie,Oldaker,moldaker97@unblog.fr,392
333,Sutherland,Velasquez,svelasquez98@theatlantic.com,545
334,Rustin,Trench,rtrench99@slashdot.org,159
335,Mandy,Stollard,mstollard9a@feedburner.com,318
336,Damien,Issacoff,dissacoff9b@phpbb.com,338
337,Alleyn,Cocksedge,acocksedge9c@comsenz.com,101
338,Emmalee,Cleeves,ecleeves9d@nhs.uk,241
339,Talia,Bigby,tbigby9e@noaa.gov,350
340,Viva,Smolan,vsmolan9f@nytimes.com,428
341,Marika,Eite,meite9g@paginegialle.it,546
342,Tilda,Reddington,treddington9h@domainmarket.com,299
343,Raimund,Iacovozzo,riacovozzo9i@hostgator.com,175
344,Gardner,Van der Brug,gvanderbrug9j@narod.ru,156
345,Jeffry,Izhakov,jizhakov9k@samsung.com,323
346,Nikolaus,Fairy,nfairy9l@goo.ne.jp,482
347,Rowena,Aleshintsev,raleshintsev9m@moonfruit.com,329
348,Steward,Radbone,sradbone9n@mediafire.com,299
349,Christal,Jozsef,cjozsef9o@newyorker.com,391
350,Doralynne,Petyanin,dpetyanin9p@narod.ru,229
351,Brandea,Jakoviljevic,bjakoviljevic9q@sohu.com,34
352,Ariana,Seery,aseery9r@51.la,89
353,Dario,Vala,dvala9s@icio.us,360
354,Ricky,Galland,rgalland9t@nih.gov,114
355,Bunny,Di Claudio,bdiclaudio9u@nationalgeographic.com,289
356,Hermie,De Caville,hdecaville9v@intel.com,253
357,Elsinore,Kealy,ekealy9w@cocolog-nifty.com,180
358,Thaine,O'Cahsedy,tocahsedy9x@theatlantic.com,47
359,Bertine,Idiens,bidiens9y@alexa.com,288
360,Carlye,Sneezum,csneezum9z@cbc.ca,358
361,Vania,Deverose,vdeverosea0@usda.gov,449
362,Karlan,Moens,kmoensa1@google.ru,297
363,Stephenie,Elphey,selpheya2@hao123.com,216
364,Diarmid,Summerrell,dsummerrella3@sogou.com,421
365,Verena,Dominico,vdominicoa4@wikipedia.org,72
366,Barbette,Fazan,bfazana5@vimeo.com,75
367,Nellie,Hinsch,nhinscha6@wordpress.com,79
368,Bernardina,Tullis,btullisa7@comcast.net,125
369,Vance,Beck,vbecka8@ning.com,216
370,Roxy,Euesden,reuesdena9@nifty.com,64
371,Richie,Langmead,rlangmeadaa@nydailynews.com,145
372,Jean,Gavahan,jgavahanab@hexun.com,497
373,Reggie,Gude,rgudeac@wikimedia.org,174
374,Patrice,Monteath,pmonteathad@fastcompany.com,443
375,Carolynn,Cheney,ccheneyae@harvard.edu,105
376,Gisella,Poschel,gposchelaf@economist.com,66
377,Tabb,Lulham,tlulhamag@state.gov,197
378,Nesta,Linton,nlintonah@spotify.com,44
379,Kenneth,Pattrick,kpattrickai@elpais.com,508
380,Maje,McIlvoray,mmcilvorayaj@sciencedirect.com,100
381,Fabien,Bousler,fbouslerak@europa.eu,292
382,Lora,Mouton,lmoutonal@unc.edu,22
383,Angy,Petow,apetowam@parallels.com,452
384,Trent,Mollatt,tmollattan@cnn.com,76
385,Libbey,Challender,lchallenderao@artisteer.com,388
386,Tallie,Castard,tcastardap@who.int,326
387,Merill,Mangion,mmangionaq@youku.com,73
388,Merci,Beach,mbeachar@soundcloud.com,66
389,Lynda,Devine,ldevineas@prnewswire.com,483
390,Jania,Lenin,jleninat@indiegogo.com,306
391,Elset,Pettingall,epettingallau@indiegogo.com,212
392,Bryanty,Ruppele,bruppeleav@chronoengine.com,452
393,Jennie,Kiely,jkielyaw@4shared.com,353
394,Morganne,Beeston,mbeestonax@google.com.br,286
395,Arturo,Kliement,akliementay@blinklist.com,201
396,Bailey,Tompion,btompionaz@sourceforge.net,19
397,Dierdre,Lodin,dlodinb0@wiley.com,446
398,Josee,O'Hearn,johearnb1@wired.com,33
399,Miguela,Hinstridge,mhinstridgeb2@wix.com,347
400,Inna,Knibb,iknibbb3@cnbc.com,49
401,Belinda,Sattin,bsattinb4@fema.gov,467
402,Neely,Hamlett,nhamlettb5@example.com,410
403,Brian,Wyllis,bwyllisb6@alibaba.com,479
404,Dar,Sola,dsolab7@google.co.uk,104
405,Duffie,Mycroft,dmycroftb8@phpbb.com,399
406,Oriana,Coyle,ocoyleb9@auda.org.au,29
407,Bessy,Le Claire,bleclaireba@unc.edu,74
408,Fremont,Brearton,fbreartonbb@e-recht24.de,35
409,Chloris,Lakeman,clakemanbc@google.com.au,481
410,Dorrie,Goshawke,dgoshawkebd@vimeo.com,35
411,Enrico,Grabb,egrabbbe@parallels.com,438
412,Andrus,Murrock,amurrockbf@symantec.com,211
413,Ceil,Petrasek,cpetrasekbg@google.pl,314
414,Edouard,Parsisson,eparsissonbh@domainmarket.com,506
415,Robbin,Mattheis,rmattheisbi@infoseek.co.jp,360
416,Vicky,Leghorn,vleghornbj@wsj.com,303
417,Bevon,Towson,btowsonbk@house.gov,25
418,Sammy,Wisden,swisdenbl@digg.com,23
419,Hyacinthia,Muat,hmuatbm@blog.com,472
420,Iormina,Sidebotham,isidebothambn@hugedomains.com,103
421,Josefina,Hyatt,jhyattbo@meetup.com,190
422,Maggy,Basso,mbassobp@blogs.com,7
423,Diena,Reckhouse,dreckhousebq@redcross.org,544
424,Luciana,Brixey,lbrixeybr@forbes.com,153
425,Amelina,Trever,atreverbs@histats.com,312
426,Uri,Danielovitch,udanielovitchbt@wufoo.com,343
427,Gnni,Maughan,gmaughanbu@samsung.com,543
428,Jobie,Di Domenico,jdidomenicobv@homestead.com,460
429,Vivianne,Oiller,voillerbw@nature.com,370
430,Constantina,McIlwreath,cmcilwreathbx@mozilla.org,107
431,Tarra,Townsend,ttownsendby@tinyurl.com,40
432,Cristy,de Bullion,cdebullionbz@netscape.com,163
433,Fidelity,Goulter,fgoulterc0@businesswire.com,176
434,Tressa,Cestard,tcestardc1@indiatimes.com,549
435,Packston,Eshmade,peshmadec2@dot.gov,59
436,Angie,McGinty,amcgintyc3@theglobeandmail.com,204
437,Inessa,Agg,iaggc4@istockphoto.com,204
438,Benton,Issitt,bissittc5@foxnews.com,408
439,Elsie,Jeaves,ejeavesc6@oakley.com,90
440,Anita,Antonoczyk,aantonoczykc7@zimbio.com,330
441,Giana,Duplain,gduplainc8@msn.com,503
442,Ambrosius,Bavin,abavinc9@google.com.br,259
443,Rea,Hammer,rhammerca@edublogs.org,461
444,Renado,Eccles,recclescb@dot.gov,199
445,Carly,Ovize,covizecc@biglobe.ne.jp,158
446,Tamarra,Genner,tgennercd@issuu.com,434
447,Randy,Kiddie,rkiddiece@symantec.com,278
448,Heall,Ocheltree,hocheltreecf@creativecommons.org,443
449,Temp,Gyorgy,tgyorgycg@wired.com,160
450,Amberly,Treharne,atreharnech@surveymonkey.com,104
451,Renata,Petrasso,rpetrassoci@github.io,507
452,Jeremy,Bagnal,jbagnalcj@house.gov,55
453,Ansell,Dobeson,adobesonck@blogs.com,498
454,Garvey,Gannan,ggannancl@theguardian.com,170
455,Angus,Worboy,aworboycm@army.mil,490
456,Lacee,Duffree,lduffreecn@trellian.com,216
457,Aldrich,Jancik,ajancikco@chron.com,536
458,Glen,Antonijevic,gantonijeviccp@latimes.com,547
459,Kendell,Glison,kglisoncq@odnoklassniki.ru,145
460,Izabel,Pevreal,ipevrealcr@angelfire.com,21
461,Bernadene,Curneen,bcurneencs@china.com.cn,131
462,Myrwyn,Anfrey,manfreyct@abc.net.au,65
463,Minda,Baddeley,mbaddeleycu@dot.gov,175
464,Beryl,Christoffe,bchristoffecv@e-recht24.de,263
465,Ogden,Bracco,obraccocw@mediafire.com,288
466,Sid,Roycroft,sroycroftcx@123-reg.co.uk,123
467,Rosina,Ludl,rludlcy@seesaa.net,357
468,Katharine,Orgen,korgencz@vkontakte.ru,515
469,Jolene,Athy,jathyd0@360.cn,221
470,Fifi,Wollaston,fwollastond1@merriam-webster.com,529
471,Jenine,Bolger,jbolgerd2@de.vu,42
472,Waylen,Hutchinson,whutchinsond3@ovh.net,202
473,Donavon,Spittal,dspittald4@gizmodo.com,394
474,Lem,Francey,lfranceyd5@telegraph.co.uk,326
475,Emmalee,Miskin,emiskind6@ted.com,104
476,Reg,Dugget,rduggetd7@hexun.com,421
477,Antonio,Windows,awindowsd8@hugedomains.com,529
478,Karina,McKinley,kmckinleyd9@cisco.com,320
479,Clementine,Dupoy,cdupoyda@nifty.com,338
480,Isahella,Borrel,iborreldb@netscape.com,297
481,Noellyn,Berger,nbergerdc@loc.gov,112
482,Tammy,Dixon,tdixondd@gnu.org,77
483,Myrtice,Goodsir,mgoodsirde@amazon.co.jp,540
484,Olympie,Byrch,obyrchdf@yellowbook.com,364
485,Alden,Tinham,atinhamdg@spotify.com,208
486,Tallulah,Dunks,tdunksdh@wordpress.org,195
487,Agustin,Ozelton,aozeltondi@google.nl,52
488,Gaultiero,Fooks,gfooksdj@list-manage.com,312
489,Garner,Reskelly,greskellydk@etsy.com,81
490,Kip,Kelby,kkelbydl@freewebs.com,159
491,Kendell,Tortoishell,ktortoishelldm@sciencedirect.com,337
492,Bethany,Brewis,bbrewisdn@ed.gov,174
493,Lillian,Attenborough,lattenboroughdo@sakura.ne.jp,59
494,Haskell,Mathys,hmathysdp@stumbleupon.com,529
495,Leighton,Beneze,lbenezedq@wufoo.com,241
496,Val,Sansome,vsansomedr@nifty.com,165
497,Batholomew,Harback,bharbackds@drupal.org,478
498,Marla,Addekin,maddekindt@google.ru,225
499,Ric,Boggon,rboggondu@redcross.org,336
500,Sher,Burgiss,sburgissdv@yale.edu,485
501,Aubrette,McCoughan,amccoughandw@cloudflare.com,516
502,Aime,Markson,amarksondx@miitbeian.gov.cn,123
503,Quintina,Glading,qgladingdy@ca.gov,309
504,Gawain,Gerrans,ggerransdz@prlog.org,71
505,Reid,Sawell,rsawelle0@ucoz.ru,363
506,Anderson,Lankham,alankhame1@wordpress.org,500
507,Adam,Jorio,ajorioe2@addthis.com,109
508,Kermy,Arnison,karnisone3@yelp.com,317
509,Kiley,Rabbatts,krabbattse4@newyorker.com,97
510,Giorgio,Moisey,gmoiseye5@ucla.edu,530
511,Timmie,Huikerby,thuikerbye6@unc.edu,56
512,Anastasia,Nucciotti,anucciottie7@myspace.com,442
513,Lexine,Crack,lcracke8@photobucket.com,309
514,Bobbee,McGerr,bmcgerre9@posterous.com,89
515,Meyer,Duckhouse,mduckhouseea@weather.com,484
516,Junette,Trimmell,jtrimmelleb@cbslocal.com,422
517,Shellysheldon,De Cruze,sdecruzeec@goo.gl,183
518,Kippy,Nickols,knickolsed@guardian.co.uk,114
519,Deloria,Varfalameev,dvarfalameevee@google.nl,148
520,Rutledge,Mingus,rmingusef@sakura.ne.jp,71
521,Daphna,Enterlein,denterleineg@youtu.be,105
522,Marcie,Dacke,mdackeeh@uol.com.br,386
523,Dewie,Corteney,dcorteneyei@gravatar.com,265
524,Nickolaus,Balleine,nballeineej@ox.ac.uk,139
525,Erhart,Gherarducci,egherarducciek@alexa.com,277
526,Obie,Stouther,ostoutherel@nymag.com,314
527,Hillyer,Lapidus,hlapidusem@miibeian.gov.cn,159
528,Merla,Barthot,mbarthoten@stumbleupon.com,312
529,Max,Coppen,mcoppeneo@cisco.com,63
530,Morton,Rochewell,mrochewellep@nih.gov,101
531,Shamus,Wimlet,swimleteq@yellowbook.com,311
532,Bartholomew,Baguley,bbaguleyer@hc360.com,224
533,Sib,Cheverell,scheverelles@wikipedia.org,27
534,Christina,Nowland,cnowlandet@vinaora.com,514
535,Phaedra,Organ,porganeu@xing.com,276
536,Bing,de Tocqueville,bdetocquevilleev@dailymail.co.uk,70
537,Keri,Dallison,kdallisonew@friendfeed.com,246
538,Daisey,Persich,dpersichex@hostgator.com,465
539,Ardella,Trustey,atrusteyey@nymag.com,180
540,Gustave,Orable,gorableez@jigsy.com,457
541,Andriana,Jacqueminot,ajacqueminotf0@squidoo.com,481
542,Josi,Quartermaine,jquartermainef1@chicagotribune.com,427
543,Birch,McHardy,bmchardyf2@odnoklassniki.ru,53
544,Harper,Endersby,hendersbyf3@imgur.com,150
545,Brod,Waulker,bwaulkerf4@statcounter.com,361
546,Lynde,Braddon,lbraddonf5@auda.org.au,526
547,Albertine,Cranidge,acranidgef6@icio.us,271
548,Port,MacFadyen,pmacfadyenf7@gnu.org,288
549,Ardra,Merritt,amerrittf8@baidu.com,509
550,David,Foggarty,dfoggartyf9@bloglovin.com,17
551,Zach,Jagiela,zjagielafa@wisc.edu,138
552,Miquela,Devas,mdevasfb@goo.ne.jp,229
553,Orazio,Plummer,oplummerfc@cam.ac.uk,146
554,Blanca,Heisman,bheismanfd@apache.org,488
555,Donelle,Briggdale,dbriggdalefe@usgs.gov,414
556,Sophey,Erlam,serlamff@omniture.com,144
557,Iain,Blanc,iblancfg@pagesperso-orange.fr,233
558,Susanetta,Jacobsohn,sjacobsohnfh@photobucket.com,145
559,Alana,Coulter,acoulterfi@telegraph.co.uk,365
560,Wit,Papierz,wpapierzfj@guardian.co.uk,467
561,Sidnee,Misson,smissonfk@jiathis.com,452
562,Shannah,Drayn,sdraynfl@canalblog.com,267
563,Ernst,Birdall,ebirdallfm@addthis.com,48
564,Graeme,Retter,gretterfn@earthlink.net,336
565,Karim,Maffucci,kmaffuccifo@slate.com,517
566,Lockwood,Hawler,lhawlerfp@furl.net,206
567,Diena,Whytock,dwhytockfq@t-online.de,252
568,Jerrie,Roddy,jroddyfr@github.io,215
569,Valentina,Cleeve,vcleevefs@google.it,291
570,Tamar,Holdey,tholdeyft@pbs.org,398
571,Tommi,McNab,tmcnabfu@chicagotribune.com,408
572,Beck,Altham,balthamfv@google.ru,540
573,Iain,Studde,istuddefw@issuu.com,202
574,Evania,Glencross,eglencrossfx@aol.com,393
575,Claudine,Cowlas,ccowlasfy@alibaba.com,254
576,Fidole,Peterffy,fpeterffyfz@hud.gov,529
577,Lazaro,Attride,lattrideg0@webmd.com,544
578,Nance,Scoggins,nscogginsg1@webeden.co.uk,123
579,Breanne,Leary,blearyg2@icq.com,248
580,Kendra,Rodden,kroddeng3@harvard.edu,28
581,Tobias,Parkeson,tparkesong4@printfriendly.com,183
582,Mateo,McDuffy,mmcduffyg5@nymag.com,384
583,Lew,Flye,lflyeg6@thetimes.co.uk,154
584,Selig,Burgett,sburgettg7@biglobe.ne.jp,450
585,Gertrud,Haney`,ghaneyg8@yellowpages.com,511
586,Meier,McConnulty,mmcconnultyg9@gravatar.com,522
587,Addie,Bauldry,abauldryga@blogtalkradio.com,191
588,Halimeda,McNee,hmcneegb@wikispaces.com,290
589,Monte,Extall,mextallgc@google.nl,22
590,Ag,Dantesia,adantesiagd@sun.com,315
591,Lars,Hendriksen,lhendriksenge@dyndns.org,361
592,Nikolaus,Cassells,ncassellsgf@mapquest.com,297
593,Gerome,Gronowe,ggronowegg@deviantart.com,508
594,Denys,Lough,dloughgh@apple.com,114
595,Eada,Brand,ebrandgi@a8.net,369
596,Filide,Mushet,fmushetgj@netlog.com,295
597,Heidi,Gasnoll,hgasnollgk@flavors.me,217
598,Dav,Armal,darmalgl@delicious.com,262
599,Luz,Maidens,lmaidensgm@g.co,525
600,Seymour,Franssen,sfranssengn@mozilla.org,312
601,Moira,Slany,mslanygo@qq.com,402
602,Gerianna,Woodford,gwoodfordgp@loc.gov,264
603,Jeniffer,Lambourne,jlambournegq@mail.ru,273
604,Shelly,Goodlip,sgoodlipgr@webmd.com,39
605,Jobi,Dwyer,jdwyergs@360.cn,533
606,Lissi,Halleybone,lhalleybonegt@twitpic.com,96
607,Fowler,Obray,fobraygu@hhs.gov,133
608,Vale,Ruusa,vruusagv@printfriendly.com,268
609,Pet,Polsin,ppolsingw@purevolume.com,13
610,Jordana,Giottoi,jgiottoigx@bbc.co.uk,367
611,Dalli,Cheer,dcheergy@pbs.org,253
612,Robbert,Sammars,rsammarsgz@yale.edu,333
613,Nyssa,Grix,ngrixh0@ustream.tv,87
614,Cristin,Gofton,cgoftonh1@mlb.com,54
615,Mame,Evens,mevensh2@cbc.ca,448
616,Chalmers,Stevani,cstevanih3@bluehost.com,99
617,Jillana,Geipel,jgeipelh4@cnbc.com,185
618,Holt,Levey,hleveyh5@hexun.com,4
619,Emilie,MacAfee,emacafeeh6@admin.ch,377
620,Jeffry,Decaze,jdecazeh7@issuu.com,338
621,Granger,Meece,gmeeceh8@smugmug.com,302
622,Sheri,Duiguid,sduiguidh9@squidoo.com,423
623,Terese,Barwick,tbarwickha@printfriendly.com,467
624,Uta,Mottley,umottleyhb@hugedomains.com,135
625,Bradan,Treend,btreendhc@google.pl,431
626,Gabrila,Bour,gbourhd@forbes.com,137
627,Lavinia,Lettley,llettleyhe@zdnet.com,297
628,Arabel,Lago,alagohf@exblog.jp,88
629,Diahann,Baylis,dbaylishg@noaa.gov,400
630,Shaw,Bremner,sbremnerhh@amazon.com,420
631,Lay,Ferries,lferrieshi@deliciousdays.com,193
632,Dennie,Abbado,dabbadohj@acquirethisname.com,68
633,Dennison,Vinick,dvinickhk@sitemeter.com,435
634,Rafaellle,Sennett,rsennetthl@nba.com,384
635,Justin,Ochterlony,jochterlonyhm@nyu.edu,236
636,Anabel,Preuvost,apreuvosthn@about.com,166
637,Shannon,Wyles,swylesho@google.co.jp,302
638,Valerye,Redmille,vredmillehp@gravatar.com,476
639,Consalve,Stickins,cstickinshq@hud.gov,286
640,Keith,Petrus,kpetrushr@europa.eu,300
641,Carol-jean,Itzhaki,citzhakihs@indiatimes.com,30
642,Court,Rogeron,crogeronht@eepurl.com,221
643,Clim,Kleingrub,ckleingrubhu@infoseek.co.jp,473
644,Brianne,Kendrick,bkendrickhv@narod.ru,486
645,Ginelle,Eynald,geynaldhw@economist.com,142
646,Drugi,Idwal Evans,didwalevanshx@npr.org,294
647,Cullin,Strother,cstrotherhy@si.edu,357
648,Bert,Clench,bclenchhz@soundcloud.com,220
649,Eli,Heimann,eheimanni0@shutterfly.com,507
650,Tammara,de Courcey,tdecourceyi1@livejournal.com,545
651,Elnore,Birtonshaw,ebirtonshawi2@shinystat.com,353
652,Juan,Tull,jtulli3@marketwatch.com,225
653,Lizbeth,Astley,lastleyi4@ovh.net,522
654,Jeromy,Beenham,jbeenhami5@stanford.edu,172
655,Tiffany,Karlsen,tkarlseni6@oaic.gov.au,380
656,Jade,Manklow,jmanklowi7@dion.ne.jp,160
657,Kirsteni,Agg,kaggi8@google.com.hk,273
658,Benyamin,Klaas,bklaasi9@springer.com,464
659,Holt,Brech,hbrechia@cisco.com,259
660,Gare,Michelotti,gmichelottiib@de.vu,499
661,Valentina,Tallowin,vtallowinic@home.pl,121
662,Lucian,Kelmere,lkelmereid@stanford.edu,170
663,Seymour,Elt,seltie@reuters.com,93
664,Cash,Hoofe,choofeif@squidoo.com,416
665,Ursala,Laux,ulauxig@symantec.com,234
666,Zane,Roomes,zroomesih@hubpages.com,442
667,Leonore,Binney,lbinneyii@reference.com,312
668,Mignonne,Stelli,mstelliij@bbb.org,201
669,Brana,Yakubowicz,byakubowiczik@who.int,65
670,Parrnell,Jedraszek,pjedraszekil@unc.edu,499
671,Stefania,Phripp,sphrippim@tuttocitta.it,110
672,Claudianus,Garaghan,cgaraghanin@t-online.de,345
673,Cristie,Childs,cchildsio@addtoany.com,109
674,Kingsley,Dishmon,kdishmonip@linkedin.com,207
675,Celina,Grumbridge,cgrumbridgeiq@ezinearticles.com,27
676,Hermia,Whellams,hwhellamsir@wix.com,240
677,Ailis,Zorn,azornis@github.io,321
678,Shanna,Cristofol,scristofolit@ezinearticles.com,21
679,Sukey,Minshall,sminshalliu@state.tx.us,398
680,Alvinia,Norvel,anorveliv@illinois.edu,337
681,Willette,Brockie,wbrockieiw@tinypic.com,274
682,Carlynne,Setford,csetfordix@prnewswire.com,191
683,Gaylord,Sappson,gsappsoniy@admin.ch,539
684,Gayel,Copeland,gcopelandiz@time.com,42
685,Clarinda,Dyble,cdyblej0@ucla.edu,507
686,Kirk,Ivashov,kivashovj1@theguardian.com,375
687,Emelyne,Kaplin,ekaplinj2@parallels.com,433
688,Regine,Hiscocks,rhiscocksj3@infoseek.co.jp,448
689,Collen,Houseley,chouseleyj4@state.tx.us,200
690,Molli,Kybert,mkybertj5@stanford.edu,393
691,Conni,Senogles,csenoglesj6@mlb.com,416
692,Willey,Haskell,whaskellj7@cdbaby.com,15
693,Jeri,Chittem,jchittemj8@scribd.com,227
694,Remington,Burbage,rburbagej9@fotki.com,212
695,Wally,Truder,wtruderja@sina.com.cn,517
696,Olag,Petyankin,opetyankinjb@studiopress.com,526
697,Floyd,Waddell,fwaddelljc@reference.com,59
698,D'arcy,Fabler,dfablerjd@qq.com,89
699,Jobye,Joret,jjoretje@dyndns.org,32
700,Luce,Hendriksen,lhendriksenjf@paginegialle.it,53
701,Domenico,Pawley,dpawleyjg@cdc.gov,278
702,Tiffi,Dumbare,tdumbarejh@yolasite.com,205
703,Petronille,Badcock,pbadcockji@artisteer.com,347
704,Stevana,Kelk,skelkjj@earthlink.net,175
705,Philis,Squires,psquiresjk@forbes.com,85
706,Amory,Moon,amoonjl@phoca.cz,369
707,Freida,Duckham,fduckhamjm@1und1.de,480
708,Jozef,Witson,jwitsonjn@uiuc.edu,164
709,Israel,Shallcross,ishallcrossjo@google.de,152
710,Neille,Philimore,nphilimorejp@kickstarter.com,277
711,Agustin,Plenty,aplentyjq@51.la,518
712,Miranda,Quartley,mquartleyjr@dailymail.co.uk,204
713,Napoleon,Lacotte,nlacottejs@phpbb.com,368
714,Rustin,Edmondson,redmondsonjt@baidu.com,256
715,Valli,McCullum,vmccullumju@disqus.com,283
716,Laverne,Petters,lpettersjv@miitbeian.gov.cn,175
717,Ingamar,Giacomi,igiacomijw@java.com,76
718,Hartley,Crossfield,hcrossfieldjx@ihg.com,340
719,Babette,Yegorshin,byegorshinjy@sciencedirect.com,410
720,Gualterio,Hyam,ghyamjz@purevolume.com,45
721,Barb,Crannach,bcrannachk0@ibm.com,434
722,Bev,McCreath,bmccreathk1@lycos.com,6
723,Marji,Killford,mkillfordk2@theatlantic.com,548
724,Mariya,Cranna,mcrannak3@fda.gov,38
725,Elia,Minnette,eminnettek4@naver.com,402
726,Christean,McKeag,cmckeagk5@google.nl,61
727,Lily,Margach,lmargachk6@istockphoto.com,427
728,Martica,Roser,mroserk7@google.de,198
729,Morgen,Lapenna,mlapennak8@hugedomains.com,144
730,Martainn,Evert,mevertk9@rambler.ru,169
731,Elvina,Butchers,ebutcherska@merriam-webster.com,367
732,Luca,Ivanisov,livanisovkb@prlog.org,11
733,Adrianna,MacGilfoyle,amacgilfoylekc@kickstarter.com,411
734,Rayner,Sedger,rsedgerkd@theguardian.com,142
735,Orsola,Dell,odellke@ameblo.jp,211
736,Lyn,Elvin,lelvinkf@ucsd.edu,135
737,Millie,Katzmann,mkatzmannkg@sphinn.com,399
738,Harmon,Mynott,hmynottkh@odnoklassniki.ru,436
739,Andriette,Pavel,apavelki@purevolume.com,210
740,Laney,Albone,lalbonekj@vk.com,168
741,Estel,Deaville,edeavillekk@spotify.com,168
742,Ricardo,Renahan,rrenahankl@cornell.edu,506
743,Erick,Lansdown,elansdownkm@admin.ch,231
744,Aila,Lanfear,alanfearkn@msu.edu,518
745,Davidson,Bolter,dbolterko@vk.com,34
746,Hyacinthia,Melmore,hmelmorekp@harvard.edu,59
747,Elston,Gamlyn,egamlynkq@ft.com,464
748,Zarah,Braikenridge,zbraikenridgekr@artisteer.com,263
749,Meridel,Yerborn,myerbornks@rambler.ru,221
750,Jennee,Hawkings,jhawkingskt@themeforest.net,78
751,Alonso,Bugbird,abugbirdku@mit.edu,231
752,Rouvin,Issacov,rissacovkv@biglobe.ne.jp,199
753,Chickie,Aronow,caronowkw@github.io,165
754,Carolina,Rowly,crowlykx@wordpress.com,429
755,Bibbye,Petera,bpeteraky@technorati.com,462
756,Lucie,Schoenfisch,lschoenfischkz@youtu.be,207
757,Torey,Burrow,tburrowl0@google.it,70
758,Karol,April,kaprill1@ifeng.com,500
759,Ilene,Barwack,ibarwackl2@squidoo.com,188
760,Doralynn,Altoft,daltoftl3@fc2.com,44
761,Linus,Tennock,ltennockl4@odnoklassniki.ru,206
762,Amy,Fonquernie,afonquerniel5@prweb.com,115
763,Loria,Dowd,ldowdl6@wikia.com,38
764,Reece,Chopin,rchopinl7@icq.com,85
765,Solly,Stansby,sstansbyl8@mozilla.org,411
766,Juieta,Fielding,jfieldingl9@paginegialle.it,372
767,Dana,Jenkison,djenkisonla@icq.com,78
768,Keir,Paradise,kparadiselb@answers.com,444
769,Rois,Meaton,rmeatonlc@sakura.ne.jp,284
770,Sheena,Allett,sallettld@statcounter.com,25
771,Lyon,Lebang,llebangle@t.co,157
772,Cathryn,Mangin,cmanginlf@google.ca,105
773,Lauren,Penrith,lpenrithlg@imageshack.us,208
774,Sterne,Rathmell,srathmelllh@networksolutions.com,411
775,Fletch,Wardingley,fwardingleyli@icio.us,30
776,Jammal,Nornasell,jnornaselllj@ezinearticles.com,165
777,Consuelo,Ledgeway,cledgewaylk@apache.org,543
778,Dean,Eunson,deunsonll@adobe.com,3
779,Ella,Sherrum,esherrumlm@slideshare.net,80
780,Zelig,Ciementini,zciementiniln@epa.gov,420
781,Corilla,Critoph,ccritophlo@biblegateway.com,450
782,Theodosia,Angelini,tangelinilp@reverbnation.com,461
783,Andrei,Lamberto,alambertolq@usatoday.com,106
784,Perry,Crichmere,pcrichmerelr@oracle.com,441
785,Bealle,Mouse,bmousels@usgs.gov,105
786,Erda,McGrale,emcgralelt@disqus.com,543
787,Sadye,Bugbee,sbugbeelu@loc.gov,331
788,Colly,Murfill,cmurfilllv@comcast.net,223
789,Gabi,Cowterd,gcowterdlw@aol.com,495
790,Stormie,Gerholz,sgerholzlx@cargocollective.com,25
791,Lynda,Teasey,lteaseyly@toplist.cz,88
792,Pippa,Triner,ptrinerlz@amazonaws.com,150
793,Krystalle,Cardenosa,kcardenosam0@usgs.gov,229
794,Sim,Bruggen,sbruggenm1@ifeng.com,112
795,Demetra,Oldacres,doldacresm2@marketwatch.com,168
796,Darin,O'Cahey,docaheym3@foxnews.com,517
797,Fritz,Arnaut,farnautm4@flavors.me,35
798,Deonne,Umney,dumneym5@cafepress.com,14
799,Evelyn,Norewood,enorewoodm6@cdc.gov,342
800,Baily,Artindale,bartindalem7@google.ca,465
801,Flossy,Sloam,fsloamm8@plala.or.jp,219
802,Justine,Baly,jbalym9@alexa.com,87
803,Liv,Sillis,lsillisma@walmart.com,339
804,Damiano,Mowen,dmowenmb@creativecommons.org,513
805,Bradan,Cawker,bcawkermc@amazon.co.uk,273
806,Carmine,Spada,cspadamd@booking.com,322
807,Kahaleel,Pollendine,kpollendineme@msu.edu,427
808,Gillan,Latimer,glatimermf@thetimes.co.uk,276
809,Lonnie,Denyukin,ldenyukinmg@ucla.edu,238
810,Stephana,Adams,sadamsmh@creativecommons.org,534
811,Harmonie,Kilmaster,hkilmastermi@vimeo.com,185
812,Randal,Fynan,rfynanmj@sohu.com,97
813,Sisely,Walklot,swalklotmk@theatlantic.com,545
814,Roxane,Tiron,rtironml@eventbrite.com,120
815,Daloris,Wellum,dwellummm@shutterfly.com,46
816,Aubree,Godthaab,agodthaabmn@zdnet.com,545
817,Maureen,McIlwrick,mmcilwrickmo@dell.com,284
818,Francois,Hull,fhullmp@va.gov,33
819,Jesse,Bamford,jbamfordmq@bizjournals.com,270
820,Charlean,Phython,cphythonmr@hp.com,396
821,Dora,Astman,dastmanms@geocities.jp,225
822,Cad,Slorance,cslorancemt@pinterest.com,396
823,Ricki,De Simoni,rdesimonimu@prweb.com,10
824,Harli,Tickner,hticknermv@ameblo.jp,441
825,Noam,Petroselli,npetrosellimw@hugedomains.com,50
826,Cammie,Banbury,cbanburymx@flavors.me,476
827,Eba,Lamminam,elamminammy@smugmug.com,492
828,Sydel,Meers,smeersmz@loc.gov,300
829,Tani,Nestoruk,tnestorukn0@meetup.com,137
830,Wildon,Creggan,wcreggann1@cdbaby.com,371
831,Trina,Linner,tlinnern2@flickr.com,346
832,Flore,Bassford,fbassfordn3@bloglines.com,259
833,Carolann,Keymar,ckeymarn4@mail.ru,310
834,Menard,Fricker,mfrickern5@ask.com,250
835,Alessandra,Haythorne,ahaythornen6@moonfruit.com,133
836,Sigvard,Glabach,sglabachn7@cbslocal.com,114
837,Giorgia,Carpe,gcarpen8@miibeian.gov.cn,258
838,Tate,De Laspee,tdelaspeen9@nyu.edu,387
839,Loralee,Geraldi,lgeraldina@1und1.de,199
840,Jayson,McCay,jmccaynb@etsy.com,244
841,Amanda,Monkhouse,amonkhousenc@sun.com,444
842,Alyse,Staning,astaningnd@feedburner.com,258
843,Nola,Rakestraw,nrakestrawne@merriam-webster.com,366
844,Remus,Cail,rcailnf@cloudflare.com,181
845,Llewellyn,Scranedge,lscranedgeng@creativecommons.org,16
846,Bette,Pullin,bpullinnh@youtube.com,486
847,Cull,Eberdt,ceberdtni@bloglines.com,406
848,Bridie,Bantham,bbanthamnj@engadget.com,506
849,Frazer,O'Luby,folubynk@newsvine.com,214
850,Justus,Craven,jcravennl@geocities.com,371
851,Kimberly,Dare,kdarenm@cnn.com,315
852,Dale,Frichley,dfrichleynn@cpanel.net,388
853,Clerc,Narey,cnareyno@zimbio.com,280
854,Lawry,Govett,lgovettnp@chicagotribune.com,464
855,Jennee,Smithend,jsmithendnq@nyu.edu,323
856,Stacey,Keaveney,skeaveneynr@skyrock.com,494
857,Jeanine,Portwain,jportwainns@ask.com,367
858,Amara,Guyan,aguyannt@feedburner.com,299
859,Marcello,Mayes,mmayesnu@comcast.net,89
860,Lilian,Laidlaw,llaidlawnv@state.gov,245
861,Teddie,Yushkin,tyushkinnw@upenn.edu,204
862,Jillie,Fransinelli,jfransinellinx@sourceforge.net,285
863,Griff,Fritter,gfritterny@senate.gov,162
864,Bambie,Keble,bkeblenz@addthis.com,435
865,Sarah,Norville,snorvilleo0@ovh.net,459
866,Bill,Tregensoe,btregensoeo1@arizona.edu,436
867,Bryanty,Jehaes,bjehaeso2@ox.ac.uk,196
868,Ginnifer,Lamswood,glamswoodo3@mysql.com,239
869,Channa,Gummery,cgummeryo4@sphinn.com,253
870,Nefen,Feldklein,nfeldkleino5@google.co.jp,182
871,Nevins,Foan,nfoano6@columbia.edu,530
872,Tobye,Vesty,tvestyo7@reference.com,195
873,Teddy,Prest,tpresto8@unblog.fr,194
874,Gwendolyn,Pandya,gpandyao9@geocities.com,349
875,Carola,Habbert,chabbertoa@free.fr,324
876,Lucius,Sammes,lsammesob@statcounter.com,178
877,Eden,Calabry,ecalabryoc@oracle.com,390
878,Currie,Gillopp,cgilloppod@senate.gov,20
879,Atalanta,Lyenyng,alyenyngoe@bloomberg.com,491
880,Richmond,Santos,rsantosof@squarespace.com,220
881,Joscelin,Bonicelli,jbonicelliog@latimes.com,113
882,Danice,Skews,dskewsoh@g.co,427
883,Karalee,Pitcaithly,kpitcaithlyoi@shareasale.com,82
884,Putnem,McPhelimey,pmcphelimeyoj@lycos.com,165
885,Lew,Wiltshier,lwiltshierok@stanford.edu,220
886,Dougie,Skarr,dskarrol@macromedia.com,302
887,Britta,Olivella,bolivellaom@netlog.com,12
888,Vivien,Philler,vphilleron@engadget.com,280
889,Tate,Ivic,tivicoo@dropbox.com,341
890,Cello,Bagge,cbaggeop@people.com.cn,152
891,Roarke,Savidge,rsavidgeoq@mail.ru,238
892,Gregoor,Denmead,gdenmeador@globo.com,478
893,Rurik,Cavanagh,rcavanaghos@php.net,2
894,Margareta,Gitsham,mgitshamot@surveymonkey.com,155
895,Sianna,Kuschke,skuschkeou@hao123.com,88
896,Hussein,Leadley,hleadleyov@bravesites.com,223
897,Kaiser,Farnell,kfarnellow@jimdo.com,433
898,Clarita,Gass,cgassox@arizona.edu,226
899,Martguerita,McMychem,mmcmychemoy@webnode.com,246
900,Yancey,Jenkins,yjenkinsoz@opensource.org,519
901,Kyle,Marty,kmartyp0@gov.uk,168
902,Delcine,Treace,dtreacep1@ustream.tv,364
903,Conrado,Devennie,cdevenniep2@aol.com,325
904,Trip,Daggett,tdaggettp3@vinaora.com,88
905,Fraze,Gorler,fgorlerp4@posterous.com,351
906,Heddie,Hagger,hhaggerp5@admin.ch,361
907,Symon,Temperton,stempertonp6@360.cn,194
908,Maggie,Henighan,mhenighanp7@amazon.co.jp,210
909,Dionysus,Dinning,ddinningp8@nps.gov,55
910,Darcey,Tidcombe,dtidcombep9@weebly.com,190
911,Virge,Clipsham,vclipshampa@flavors.me,283
912,Nisse,Haveline,nhavelinepb@tmall.com,388
913,Anson,Jiggle,ajigglepc@bbc.co.uk,183
914,Viole,Ingarfill,vingarfillpd@zdnet.com,151
915,Wiatt,McArthur,wmcarthurpe@usnews.com,91
916,Hakeem,Gorden,hgordenpf@istockphoto.com,528
917,Reeta,Fortescue,rfortescuepg@hc360.com,49
918,Gerri,Corps,gcorpsph@ifeng.com,168
919,Hanna,Malitrott,hmalitrottpi@de.vu,324
920,Krissie,Whittier,kwhittierpj@wiley.com,218
921,Kathryne,Alessandrini,kalessandrinipk@zdnet.com,291
922,Emmalynne,Folbige,efolbigepl@digg.com,428
923,Wilburt,Crigin,wcriginpm@seattletimes.com,215
924,Land,Ateridge,lateridgepn@irs.gov,218
925,Fin,Scorer,fscorerpo@washington.edu,29
926,Susy,Molen,smolenpp@statcounter.com,337
927,Tobey,Biddle,tbiddlepq@cbsnews.com,258
928,Maximilianus,Drysdale,mdrysdalepr@google.pl,268
929,Elianora,Poplee,epopleeps@mysql.com,390
930,Claudia,Ratray,cratraypt@yolasite.com,459
931,Ame,Gerran,agerranpu@fc2.com,478
932,Dulci,Ambroz,dambrozpv@google.fr,463
933,Waly,Dunan,wdunanpw@epa.gov,150
934,Tansy,Gallanders,tgallanderspx@icq.com,315
935,Baxter,Phuprate,bphupratepy@simplemachines.org,4
936,Cal,Macci,cmaccipz@indiegogo.com,31
937,Janella,de Lloyd,jdelloydq0@dot.gov,341
938,Caspar,Lord,clordq1@sogou.com,297
939,Ciro,Jacob,cjacobq2@typepad.com,238
940,Brok,Bartoszewicz,bbartoszewiczq3@admin.ch,356
941,Stillmann,Checklin,schecklinq4@narod.ru,526
942,Kilian,McMeyler,kmcmeylerq5@ebay.co.uk,161
943,Libbey,Newcom,lnewcomq6@123-reg.co.uk,175
944,Hernando,Gamwell,hgamwellq7@prlog.org,385
945,Eadie,Bloxsum,ebloxsumq8@foxnews.com,10
946,Beilul,Harce,bharceq9@free.fr,236
947,Tracy,Eyre,teyreqa@joomla.org,113
948,Tarrah,O'Rafferty,toraffertyqb@php.net,484
949,Rutter,Restieaux,rrestieauxqc@huffingtonpost.com,363
950,Duke,Sidwell,dsidwellqd@facebook.com,501
951,Melodie,Bedding,mbeddingqe@hatena.ne.jp,355
952,Abey,Deluca,adelucaqf@odnoklassniki.ru,277
953,Hatti,Walewicz,hwalewiczqg@deviantart.com,298
954,Marty,Gillon,mgillonqh@webeden.co.uk,184
955,Wainwright,Lordon,wlordonqi@furl.net,469
956,Jeffy,Brasted,jbrastedqj@twitpic.com,46
957,Marcello,Bartosik,mbartosikqk@howstuffworks.com,122
958,Dorelia,Adran,dadranql@samsung.com,245
959,Gaylord,Eglinton,geglintonqm@usgs.gov,488
960,Zondra,Peagram,zpeagramqn@japanpost.jp,477
961,Vanni,Hurdman,vhurdmanqo@wikimedia.org,259
962,Dixie,Beilby,dbeilbyqp@engadget.com,50
963,Virginia,Tomkinson,vtomkinsonqq@tumblr.com,70
964,Doll,Loughton,dloughtonqr@google.co.uk,445
965,Robbie,Woodruff,rwoodruffqs@sciencedirect.com,271
966,Candi,Bicker,cbickerqt@sciencedirect.com,228
967,Sarina,Leppingwell,sleppingwellqu@dedecms.com,380
968,Sindee,Lambrook,slambrookqv@mit.edu,68
969,Karyn,Asbury,kasburyqw@fema.gov,190
970,Korrie,O'Fogerty,kofogertyqx@nytimes.com,183
971,Judith,Catlow,jcatlowqy@cafepress.com,508
972,Caressa,Tidd,ctiddqz@yale.edu,458
973,Roshelle,Hardware,rhardwarer0@google.nl,308
974,Paulette,Slee,psleer1@chron.com,167
975,Eliot,Najara,enajarar2@purevolume.com,359
976,Lindi,Davies,ldaviesr3@etsy.com,358
977,Tierney,Challiner,tchallinerr4@homestead.com,17
978,Talyah,Pattrick,tpattrickr5@home.pl,483
979,Westbrooke,Airey,waireyr6@seattletimes.com,123
980,Claude,Kissock,ckissockr7@photobucket.com,285
981,Stan,Janoschek,sjanoschekr8@123-reg.co.uk,523
982,Allsun,Tither,atitherr9@ucla.edu,129
983,Melisa,Carder,mcarderra@mashable.com,28
984,Alvis,McCambridge,amccambridgerb@tiny.cc,335
985,Stacy,Parades,sparadesrc@virginia.edu,467
986,Karylin,Hessel,khesselrd@narod.ru,14
987,Robinson,Bowstead,rbowsteadre@ameblo.jp,467
988,Donall,Bilverstone,dbilverstonerf@amazon.co.jp,404
989,Saunderson,Chamley,schamleyrg@cloudflare.com,113
990,Nolan,Bumpass,nbumpassrh@google.cn,528
991,Collen,Dignall,cdignallri@histats.com,451
992,Kamila,Tremellier,ktremellierrj@harvard.edu,124
993,Min,Dallicott,mdallicottrk@chron.com,44
994,Neel,Smiz,nsmizrl@wordpress.com,101
995,Job,Ruler,jrulerrm@mac.com,254
996,Alys,Ruxton,aruxtonrn@nydailynews.com,138
997,Meade,MacPaik,mmacpaikro@hubpages.com,247
998,Herbie,Chaundy,hchaundyrp@wikipedia.org,267
999,Perla,Ashbolt,pashboltrq@cdbaby.com,339
1000,Latrena,Linthead,llintheadrr@quantcast.com,450
